,ID,Form
1,2620699,Brand Price Audit
2,2566744,Brand Price Audit
3,2566127,Brand Price Audit
4,2564847,Brand Price Audit
5,2564827,Brand Price Audit
6,2564449,Brand Price Audit
7,2564437,Brand Price Audit
8,2564390,Brand Price Audit
9,2564313,Brand Price Audit
10,2564305,Brand Price Audit
11,2561470,Brand Price Audit
12,2561445,Brand Price Audit
13,2561433,Brand Price Audit
14,2561415,Brand Price Audit
15,2561394,Brand Price Audit
16,2557725,Brand Price Audit
17,2557718,Brand Price Audit
18,2557707,Brand Price Audit
19,2557703,Brand Price Audit
20,2557645,Brand Price Audit
21,2555726,Brand Price Audit
22,2555721,Brand Price Audit
23,2555700,Brand Price Audit
24,2555621,Brand Price Audit
25,2550348,Brand Price Audit
26,2550334,Brand Price Audit
27,2550323,Brand Price Audit
28,2550309,Brand Price Audit
29,2550294,Brand Price Audit
30,2548653,Brand Price Audit
32,2548652,Brand Price Audit
33,2548651,Brand Price Audit
34,2548650,Brand Price Audit
35,2548649,Brand Price Audit
36,2548648,Brand Price Audit
37,2548647,Brand Price Audit
38,2548645,Brand Price Audit
39,2548643,Brand Price Audit
40,2548642,Brand Price Audit
41,2548638,Brand Price Audit
42,2548544,Brand Price Audit
43,2548529,Brand Price Audit
44,2548514,Brand Price Audit
45,2548490,Brand Price Audit
46,2548474,Brand Price Audit
47,2548451,Brand Price Audit
48,2548405,Brand Price Audit
49,2548314,Brand Price Audit
50,2548267,Brand Price Audit
51,2548207,Brand Price Audit
52,2546819,Brand Price Audit
53,2546808,Brand Price Audit
54,2546791,Brand Price Audit
55,2546737,Brand Price Audit
56,2546703,Brand Price Audit
57,2546649,Brand Price Audit
58,2544662,Brand Price Audit
59,2542940,Brand Price Audit
60,2542938,Brand Price Audit
61,2542937,Brand Price Audit
63,2542746,Brand Price Audit
64,2542745,Brand Price Audit
65,2542743,Brand Price Audit
66,2542742,Brand Price Audit
67,2542741,Brand Price Audit
68,2542740,Brand Price Audit
69,2542739,Brand Price Audit
70,2542738,Brand Price Audit
71,2542737,Brand Price Audit
72,2542735,Brand Price Audit
73,2542734,Brand Price Audit
74,2542720,Brand Price Audit
75,2540774,Brand Price Audit
76,2540773,Brand Price Audit
